dt,phase_error_radians
0.05,-0.794232
0.025,-0.217587
0.0125,-0.0438589
0.00625,0.00458634
