n_subdivisions,h,phase_error_radians
40,0.025,0.0248787
50,0.02,0.015748
70,0.0142857,0.00840294
100,0.01,0.00403006
