n_subdivisions,h,phase_error_radians
40,0.025,0.0493844
50,0.02,0.0316298
70,0.0142857,0.0161209
100,0.01,0.00786918
